bcf6180319f629441d407f15a37ec6c082c945fd,DELETE,regular-file,.config/hypr/Stickers/BOB.png,40227,
bcf6180319f629441d407f15a37ec6c082c945fd,DELETE,regular-file,.config/hypr/Stickers/angel.png,40227,
bcf6180319f629441d407f15a37ec6c082c945fd,DELETE,regular-file,.config/hypr/Stickers/angela.png,40227,
bcf6180319f629441d407f15a37ec6c082c945fd,DELETE,regular-file,.config/hypr/Stickers/anxo.png,40227,
bcf6180319f629441d407f15a37ec6c082c945fd,DELETE,regular-file,.config/hypr/Stickers/cholo.png,40227,
bcf6180319f629441d407f15a37ec6c082c945fd,DELETE,regular-file,.config/hypr/Stickers/clara.png,40227,
bcf6180319f629441d407f15a37ec6c082c945fd,DELETE,regular-file,.config/hypr/Stickers/dea2.png,40227,
bcf6180319f629441d407f15a37ec6c082c945fd,DELETE,regular-file,.config/hypr/Stickers/iago.png,40227,
bcf6180319f629441d407f15a37ec6c082c945fd,DELETE,regular-file,.config/hypr/Stickers/jorge.png,40227,
bcf6180319f629441d407f15a37ec6c082c945fd,DELETE,regular-file,.config/hypr/Stickers/kai.png,40227,
bcf6180319f629441d407f15a37ec6c082c945fd,DELETE,regular-file,.config/hypr/Stickers/laura.png,40227,
bcf6180319f629441d407f15a37ec6c082c945fd,DELETE,regular-file,.config/hypr/Stickers/oscar.png,40227,
bcf6180319f629441d407f15a37ec6c082c945fd,DELETE,regular-file,.config/hypr/Stickers/paula.png,40227,
bcf6180319f629441d407f15a37ec6c082c945fd,DELETE,regular-file,.config/hypr/Stickers/rm.png,40227,
bcf6180319f629441d407f15a37ec6c082c945fd,DELETE,regular-file,.config/hypr/Stickers/rosalia.png,40227,
bcf6180319f629441d407f15a37ec6c082c945fd,DELETE,regular-file,.config/hypr/Stickers/sarai.png,40227,
bcf6180319f629441d407f15a37ec6c082c945fd,DELETE,regular-file,.config/hypr/Stickers/sol.png,40227,
